{
    "epoch": 49.99,
    "eval_acc": {
        "B1s1": 0.9926,
        "EM1": 1.0,
        "I1s2_bass": 0.9986,
        "I1s2_bassoon": 0.9996,
        "I1s2_brass": 1.0,
        "I1s2_cello": 0.9986,
        "I1s2_clarinet": 0.9998,
        "I1s2_drum": 0.998,
        "I1s2_ethnic_instruments": 0.997,
        "I1s2_flute": 0.9982,
        "I1s2_guitar": 0.9996,
        "I1s2_harp": 0.9962,
        "I1s2_horn": 0.9998,
        "I1s2_keyboard": 1.0,
        "I1s2_oboe": 0.9998,
        "I1s2_organ": 0.9988,
        "I1s2_percussion": 0.9994,
        "I1s2_piano": 0.9972,
        "I1s2_piccolo": 0.9994,
        "I1s2_pipe": 0.998,
        "I1s2_sax": 0.9984,
        "I1s2_sound_effects": 0.9994,
        "I1s2_strings": 0.998,
        "I1s2_synthesizer": 0.9976,
        "I1s2_trombone": 0.9996,
        "I1s2_trumpet": 0.9998,
        "I1s2_tuba": 0.9996,
        "I1s2_viola": 0.9982,
        "I1s2_violin": 1.0,
        "I1s2_voice": 0.9986,
        "K1": 1.0,
        "P4": 0.9682,
        "R1": 0.9996,
        "R3": 1.0,
        "S2s1": 0.9812,
        "S4_avant_garde": 1.0,
        "S4_blues": 0.999,
        "S4_children": 0.9976,
        "S4_classical": 0.9978,
        "S4_comedy_spoken": 0.999,
        "S4_country": 0.9992,
        "S4_easy_listening": 0.9966,
        "S4_electronic": 0.9978,
        "S4_folk": 0.9978,
        "S4_holiday": 0.9986,
        "S4_international": 0.9984,
        "S4_jazz": 0.998,
        "S4_latin": 0.9968,
        "S4_new_age": 0.9988,
        "S4_pop_rock": 0.9972,
        "S4_rap": 0.9974,
        "S4_reggae": 0.998,
        "S4_religious": 0.998,
        "S4_rnb": 0.9978,
        "S4_stage": 0.9966,
        "S4_symphony": 0.9976,
        "S4_vocal": 0.998,
        "T1s1": 1.0,
        "TM1": 1.0,
        "TS1s1": 0.9888
    },
    "eval_loss": 0.4986507296562195,
    "eval_perplexity": 1.646498200083304,
    "eval_runtime": 123.6715,
    "eval_samples": 5000,
    "eval_samples_per_second": 40.43,
    "eval_steps_per_second": 1.69
}