{"I1s2_piano": [[2.9404802148746967e-07, 3.4704069662438997e-07, 0.9999994039535522]], "I1s2_keyboard": [[0.9999924898147583, 3.810356247413438e-06, 3.6494050164037617e-06]], "I1s2_percussion": [[3.4466458487258933e-07, 3.598060800413805e-07, 0.9999992847442627]], "I1s2_organ": [[5.974638952466194e-07, 2.961035079351859e-06, 0.9999964237213135]], "I1s2_guitar": [[0.999991774559021, 3.6200117392581888e-06, 4.596606686391169e-06]], "I1s2_bass": [[0.9999934434890747, 3.3173182600876316e-06, 3.164311465297942e-06]], "I1s2_violin": [[4.315650130592985e-07, 5.89189028232795e-07, 0.999998927116394]], "I1s2_viola": [[2.3626429879186617e-07, 3.5952655252913246e-07, 0.9999994039535522]], "I1s2_cello": [[2.6188851620645437e-07, 6.977010116315796e-07, 0.9999990463256836]], "I1s2_harp": [[2.4960388600447914e-07, 2.644123071604554e-07, 0.9999995231628418]], "I1s2_strings": [[3.5997075542582024e-07, 6.470032190009078e-07, 0.9999990463256836]], "I1s2_voice": [[5.716967734770151e-07, 8.837411087370128e-07, 0.9999985694885254]], "I1s2_trumpet": [[4.001867921488156e-07, 1.2761818197759567e-06, 0.9999983310699463]], "I1s2_trombone": [[1.244124973709404e-06, 3.3074027214752277e-06, 0.9999954700469971]], "I1s2_tuba": [[2.6881286885327427e-07, 4.344442174897267e-07, 0.9999992847442627]], "I1s2_horn": [[2.778060661512427e-07, 1.8771019938412792e-07, 0.9999995231628418]], "I1s2_brass": [[5.840402081958018e-07, 1.057853637576045e-06, 0.9999983310699463]], "I1s2_sax": [[3.2238511948889936e-07, 2.754100023594219e-07, 0.9999994039535522]], "I1s2_oboe": [[4.694999802268285e-07, 9.733695378599805e-07, 0.9999985694885254]], "I1s2_bassoon": [[1.8470696261374542e-07, 3.8378752265089133e-07, 0.9999994039535522]], "I1s2_clarinet": [[2.2937896915209421e-07, 6.50386596134922e-07, 0.9999991655349731]], "I1s2_piccolo": [[7.180712486842822e-07, 2.901037703395559e-07, 0.9999990463256836]], "I1s2_flute": [[1.8984609084782278e-07, 1.0619650083754095e-06, 0.9999986886978149]], "I1s2_pipe": [[1.790938313206425e-07, 2.139916688292942e-07, 0.9999996423721313]], "I1s2_synthesizer": [[4.390409685584018e-06, 2.893997361752554e-07, 0.9999953508377075]], "I1s2_ethnic_instruments": [[2.2374943853264995e-07, 3.898639988619834e-07, 0.9999994039535522]], "I1s2_sound_effects": [[6.007216484249511e-07, 1.18892648970359e-06, 0.9999982118606567]], "I1s2_drum": [[0.9999929666519165, 2.558541382313706e-06, 4.568288659356767e-06]], "R1": [[4.421253834152594e-06, 4.120385710848495e-06, 0.9999914169311523]], "R3": [[1.1230820291530108e-06, 5.3572557590086944e-06, 1.6774057485235971e-06, 0.9999918937683105]], "S2s1": [[2.140888000212726e-06, 0.9999523162841797, 2.152229171770159e-06, 2.1214113985479344e-06, 5.626141614811786e-07, 3.057773710679612e-06, 2.5633976292738225e-06, 1.948306362464791e-06, 3.147102688672021e-06, 4.181824806437362e-06, 4.946316039422527e-06, 3.403306436666753e-06, 5.054129815107444e-06, 4.298319254303351e-06, 2.611770696603344e-06, 3.151623104713508e-06, 1.1938506077058264e-06, 1.1622337297012564e-06]], "S4_new_age": [[6.214263066794956e-06, 2.1095675037940964e-06, 0.9999916553497314]], "S4_electronic": [[6.022661409588181e-07, 6.633867428718077e-07, 0.9999986886978149]], "S4_rap": [[4.276552090232144e-07, 6.768440243831719e-07, 0.999998927116394]], "S4_religious": [[4.1904937120307295e-07, 6.252278126339661e-07, 0.999998927116394]], "S4_international": [[7.692379426771367e-07, 1.0132544048246928e-06, 0.9999982118606567]], "S4_easy_listening": [[5.974559371679788e-07, 1.0328844837204088e-06, 0.9999983310699463]], "S4_avant_garde": [[6.103088026065961e-07, 6.77576224461518e-07, 0.9999986886978149]], "S4_rnb": [[7.060228881528019e-07, 3.615915886712173e-07, 0.999998927116394]], "S4_latin": [[6.098374569774023e-07, 8.330705441039754e-07, 0.9999985694885254]], "S4_children": [[4.954948167323892e-07, 6.49132857688528e-07, 0.9999988079071045]], "S4_jazz": [[4.888083253717923e-07, 1.0457299595145741e-06, 0.9999984502792358]], "S4_classical": [[1.0528541452003992e-06, 9.363422464048199e-07, 0.9999979734420776]], "S4_comedy_spoken": [[6.741801712450979e-07, 1.4213550230124383e-06, 0.9999978542327881]], "S4_pop_rock": [[0.999982476234436, 1.2781865734723397e-05, 4.7877952056296635e-06]], "S4_reggae": [[4.988330601918278e-07, 8.292500410789216e-07, 0.9999986886978149]], "S4_stage": [[9.604614206182305e-07, 8.280674137495225e-07, 0.9999982118606567]], "S4_folk": [[9.489307899457344e-07, 1.4507327250612434e-06, 0.999997615814209]], "S4_blues": [[2.2018006973212323e-07, 6.546861186507158e-07, 0.9999991655349731]], "S4_vocal": [[7.978375151651562e-07, 1.0661848364179605e-06, 0.9999980926513672]], "S4_holiday": [[4.7647534984207596e-07, 7.95279504473001e-07, 0.9999986886978149]], "S4_country": [[5.837849244016979e-07, 1.4482366168522276e-06, 0.9999979734420776]], "S4_symphony": [[7.069622824928956e-07, 1.123189804275171e-06, 0.9999982118606567]], "B1s1": [[1.1845917242681026e-06, 1.2012376373604639e-06, 8.281432428702828e-07, 0.9999963045120239, 4.899212626696681e-07]], "TS1s1": [[2.479709166891553e-07, 5.075373792351456e-07, 6.429116297113069e-07, 4.3727266074711224e-07, 2.977422184358147e-07, 0.9999970197677612, 5.484674829858704e-07, 2.909454508426279e-07]], "K1": [[0.9999996423721313, 1.1810587352556468e-07, 2.3749282718199538e-07]], "T1s1": [[1.607173203410639e-06, 1.0418802958156448e-06, 0.9999964237213135, 8.959096930993837e-07]], "P4": [[1.1598491056474813e-07, 2.530371148168342e-07, 2.2041639624603704e-07, 3.4572551044220745e-07, 7.138424251706965e-08, 0.9999980926513672, 1.5773075290326233e-07, 1.192917977732577e-07, 7.626109521652324e-08, 1.1960050017023605e-07, 2.341005398420748e-07, 9.331665040690496e-08, 9.465591688240238e-08]], "EM1": [[2.334472355869366e-06, 2.0586267055477947e-06, 3.705005156007246e-06, 5.1218871703895275e-06, 0.9999867677688599]], "TM1": [[1.6342960407200735e-07, 1.5949613896282244e-07, 2.276292860869944e-07, 3.796870657879481e-07, 0.9999990463256836, 2.3537754856306492e-08]]}