{
  "best_metric": 0.4986507296562195,
  "best_model_checkpoint": "./tmp/checkpoint-1000",
  "epoch": 49.99047619047619,
  "global_step": 1300,
  "is_hyper_param_search": false,
  "is_local_process_zero": true,
  "is_world_process_zero": true,
  "log_history": [
    {
      "epoch": 19.23,
      "learning_rate": 6.153846153846155e-06,
      "loss": 13.6688,
      "step": 500
    },
    {
      "epoch": 19.23,
      "eval_acc": {
        "B1s1": 0.9794,
        "EM1": 0.998,
        "I1s2_bass": 0.9976,
        "I1s2_bassoon": 0.9934,
        "I1s2_brass": 0.9812,
        "I1s2_cello": 0.9908,
        "I1s2_clarinet": 0.9888,
        "I1s2_drum": 0.9976,
        "I1s2_ethnic_instruments": 0.987,
        "I1s2_flute": 0.9946,
        "I1s2_guitar": 0.9974,
        "I1s2_harp": 0.992,
        "I1s2_horn": 0.9958,
        "I1s2_keyboard": 0.9736,
        "I1s2_oboe": 0.9872,
        "I1s2_organ": 0.9962,
        "I1s2_percussion": 0.9948,
        "I1s2_piano": 0.9972,
        "I1s2_piccolo": 0.9894,
        "I1s2_pipe": 0.9836,
        "I1s2_sax": 0.9862,
        "I1s2_sound_effects": 0.9954,
        "I1s2_strings": 0.998,
        "I1s2_synthesizer": 0.9966,
        "I1s2_trombone": 0.9914,
        "I1s2_trumpet": 0.9784,
        "I1s2_tuba": 0.9892,
        "I1s2_viola": 0.9904,
        "I1s2_violin": 0.9872,
        "I1s2_voice": 0.9966,
        "K1": 0.9998,
        "P4": 0.907,
        "R1": 0.9816,
        "R3": 0.9934,
        "S2s1": 0.9772,
        "S4_avant_garde": 1.0,
        "S4_blues": 0.9974,
        "S4_children": 0.987,
        "S4_classical": 0.9978,
        "S4_comedy_spoken": 0.9962,
        "S4_country": 0.9976,
        "S4_easy_listening": 0.996,
        "S4_electronic": 0.997,
        "S4_folk": 0.9958,
        "S4_holiday": 0.9964,
        "S4_international": 0.9812,
        "S4_jazz": 0.998,
        "S4_latin": 0.996,
        "S4_new_age": 0.998,
        "S4_pop_rock": 0.9966,
        "S4_rap": 0.9926,
        "S4_reggae": 0.9938,
        "S4_religious": 0.9836,
        "S4_rnb": 0.9976,
        "S4_stage": 0.9966,
        "S4_symphony": 0.988,
        "S4_vocal": 0.975,
        "T1s1": 0.9982,
        "TM1": 0.9748,
        "TS1s1": 0.9642
      },
      "eval_loss": 2.428644895553589,
      "eval_runtime": 123.7367,
      "eval_samples_per_second": 40.408,
      "eval_steps_per_second": 1.689,
      "step": 500
    },
    {
      "epoch": 38.46,
      "learning_rate": 2.307692307692308e-06,
      "loss": 1.4286,
      "step": 1000
    },
    {
      "epoch": 38.46,
      "eval_acc": {
        "B1s1": 0.9926,
        "EM1": 1.0,
        "I1s2_bass": 0.9986,
        "I1s2_bassoon": 0.9996,
        "I1s2_brass": 1.0,
        "I1s2_cello": 0.9986,
        "I1s2_clarinet": 0.9998,
        "I1s2_drum": 0.998,
        "I1s2_ethnic_instruments": 0.997,
        "I1s2_flute": 0.9982,
        "I1s2_guitar": 0.9996,
        "I1s2_harp": 0.9962,
        "I1s2_horn": 0.9998,
        "I1s2_keyboard": 1.0,
        "I1s2_oboe": 0.9998,
        "I1s2_organ": 0.9988,
        "I1s2_percussion": 0.9994,
        "I1s2_piano": 0.9972,
        "I1s2_piccolo": 0.9994,
        "I1s2_pipe": 0.998,
        "I1s2_sax": 0.9984,
        "I1s2_sound_effects": 0.9994,
        "I1s2_strings": 0.998,
        "I1s2_synthesizer": 0.9976,
        "I1s2_trombone": 0.9996,
        "I1s2_trumpet": 0.9998,
        "I1s2_tuba": 0.9996,
        "I1s2_viola": 0.9982,
        "I1s2_violin": 1.0,
        "I1s2_voice": 0.9986,
        "K1": 1.0,
        "P4": 0.9682,
        "R1": 0.9996,
        "R3": 1.0,
        "S2s1": 0.9812,
        "S4_avant_garde": 1.0,
        "S4_blues": 0.999,
        "S4_children": 0.9976,
        "S4_classical": 0.9978,
        "S4_comedy_spoken": 0.999,
        "S4_country": 0.9992,
        "S4_easy_listening": 0.9966,
        "S4_electronic": 0.9978,
        "S4_folk": 0.9978,
        "S4_holiday": 0.9986,
        "S4_international": 0.9984,
        "S4_jazz": 0.998,
        "S4_latin": 0.9968,
        "S4_new_age": 0.9988,
        "S4_pop_rock": 0.9972,
        "S4_rap": 0.9974,
        "S4_reggae": 0.998,
        "S4_religious": 0.998,
        "S4_rnb": 0.9978,
        "S4_stage": 0.9966,
        "S4_symphony": 0.9976,
        "S4_vocal": 0.998,
        "T1s1": 1.0,
        "TM1": 1.0,
        "TS1s1": 0.9888
      },
      "eval_loss": 0.4986507296562195,
      "eval_runtime": 123.9263,
      "eval_samples_per_second": 40.347,
      "eval_steps_per_second": 1.686,
      "step": 1000
    },
    {
      "epoch": 49.99,
      "step": 1300,
      "total_flos": 1.1697613465990349e+17,
      "train_loss": 5.950269904503456,
      "train_runtime": 6794.4852,
      "train_samples_per_second": 36.795,
      "train_steps_per_second": 0.191
    }
  ],
  "max_steps": 1300,
  "num_train_epochs": 50,
  "total_flos": 1.1697613465990349e+17,
  "trial_name": null,
  "trial_params": null
}
