{"train/loss": 1.4286, "train/learning_rate": 2.307692307692308e-06, "train/epoch": 49.99, "train/global_step": 1300, "_timestamp": 1720088692.431038, "_runtime": 6916.595165967941, "_step": 5, "eval/loss": 0.4986507296562195, "eval/runtime": 123.6715, "eval/samples_per_second": 40.43, "eval/steps_per_second": 1.69, "train/train_runtime": 6794.4852, "train/train_samples_per_second": 36.795, "train/train_steps_per_second": 0.191, "train/total_flos": 1.1697613465990349e+17, "train/train_loss": 5.950269904503456, "_wandb": {"runtime": 6915}}