{"text": "This music has a meter of 4/4 and a balanced beat. Its playtime is about 40 seconds. The use of grand piano, guitar, bass, violin, synthesizer and drum is vital to the music's overall sound and performance. The song spans approximately 13 ~ 16 bars.", "pred_labels": {"R1": [0, 0, 1], "R3": [0, 0, 0, 1], "S2s1": [0, 0, 0, 0, 0, 0, 0, 0, 0, 0, 0, 0, 0, 0, 0, 0, 0, 1], "B1s1": [0, 0, 0, 1, 0], "TS1s1": [1, 0, 0, 0, 0, 0, 0, 0], "K1": [0, 0, 1], "T1s1": [0, 1, 0, 0], "P4": [0, 0, 0, 0, 0, 0, 0, 0, 0, 0, 0, 0, 1], "EM1": [0, 0, 0, 0, 1], "TM1": [0, 0, 1, 0, 0, 0], "I1s2": [[1, 0, 0], [0, 0, 1], [0, 0, 1], [0, 0, 1], [1, 0, 0], [1, 0, 0], [1, 0, 0], [0, 0, 1], [0, 0, 1], [0, 0, 1], [0, 0, 1], [0, 0, 1], [0, 0, 1], [0, 0, 1], [0, 0, 1], [0, 0, 1], [0, 0, 1], [0, 0, 1], [0, 0, 1], [0, 0, 1], [0, 0, 1], [0, 0, 1], [0, 0, 1], [0, 0, 1], [1, 0, 0], [0, 0, 1], [0, 0, 1], [1, 0, 0]], "S4": [[0, 0, 1], [0, 0, 1], [0, 0, 1], [0, 0, 1], [0, 0, 1], [0, 0, 1], [0, 0, 1], [0, 0, 1], [0, 0, 1], [0, 0, 1], [0, 0, 1], [0, 0, 1], [0, 0, 1], [0, 0, 1], [0, 0, 1], [0, 0, 1], [0, 0, 1], [0, 0, 1], [0, 0, 1], [0, 0, 1], [0, 0, 1], [0, 0, 1]]}, "pred_probs": {"R1": [4.348385573393898e-06, 4.081978659087326e-06, 0.9999915361404419], "R3": [3.1859449336479884e-06, 1.7402915091224713e-06, 1.298476490774192e-06, 0.9999938011169434], "S2s1": [2.6894788334175246e-06, 2.703392965486273e-06, 5.674783551512519e-06, 3.5371617741475347e-06, 4.602882654580753e-06, 4.385542979434831e-06, 3.5958257740276167e-06, 3.6308535982243484e-06, 3.01000295621634e-06, 2.877033466575085e-06, 6.006119747326011e-06, 4.917367732559796e-06, 3.9111873775254935e-06, 1.2955952115589753e-06, 5.164678441360593e-06, 1.0600142559269443e-05, 1.9470585357339587e-06, 0.9999295473098755], "B1s1": [1.144770294558839e-06, 1.240768938259862e-06, 1.069837139766605e-06, 0.9999960660934448, 4.4887559624839923e-07], "TS1s1": [0.9999973773956299, 4.4883253735861217e-07, 7.663114161005069e-07, 1.4709937090628955e-07, 3.2623162837808195e-07, 1.7314516753685893e-07, 3.9125586681620916e-07, 4.37288690591231e-07], "K1": [1.2311952559684869e-06, 2.879228532037814e-06, 0.9999959468841553], "T1s1": [5.09990695718443e-06, 0.9999929666519165, 7.299955200323893e-07, 1.1554596994756139e-06], "P4": [5.427093583421083e-07, 4.719743174064206e-07, 5.363201012187346e-07, 5.304075898493466e-07, 1.0810824733198388e-06, 2.733521853315324e-07, 6.049667717888951e-07, 3.0520942573275534e-07, 5.956694622000214e-07, 6.233507860997634e-07, 3.412812077385752e-07, 6.009416892993613e-07, 0.9999934434890747], "EM1": [4.232038008922245e-06, 4.099434136151103e-06, 7.4184526965836994e-06, 2.3731829060125165e-05, 0.9999605417251587], "TM1": [6.245026611395588e-07, 4.4476314542407636e-07, 0.9999979734420776, 3.970379225393117e-07, 2.89899332983623e-07, 3.092326039677573e-07], "I1s2": [[0.9999940395355225, 2.694707518458017e-06, 3.185903096891707e-06], [1.979170889399029e-07, 3.376734696303174e-07, 0.9999995231628418], [4.7179648277051456e-07, 4.2667633692872187e-07, 0.9999990463256836], [7.720963139945525e-07, 3.7731006159447134e-06, 0.9999954700469971], [0.9999923706054688, 3.585001877581817e-06, 4.110530426260084e-06], [0.9999926090240479, 3.413937065488426e-06, 3.884853413183009e-06], [0.9999943971633911, 3.7034756132925395e-06, 1.9251860976510216e-06], [2.4589564873167546e-07, 3.571607010144362e-07, 0.9999994039535522], [3.5993264191347407e-07, 1.5419797136928537e-06, 0.9999980926513672], [3.2063096000456426e-07, 4.2178470494036446e-07, 0.9999992847442627], [4.310108749905339e-07, 8.993590085992764e-07, 0.9999986886978149], [8.012770535970049e-07, 1.3231364164312254e-06, 0.9999978542327881], [6.644829113611195e-07, 2.2852354959468357e-06, 0.9999970197677612], [1.6998425280689844e-06, 4.854524377151392e-06, 0.9999934434890747], [5.107400511406013e-07, 6.634222700085957e-07, 0.9999988079071045], [2.8050973810422875e-07, 5.662616899826389e-07, 0.9999991655349731], [8.130191417876631e-07, 1.6911969851207687e-06, 0.9999974966049194], [3.008834141837724e-07, 3.3948552413676225e-07, 0.9999994039535522], [5.170669510334847e-07, 9.852602715909597e-07, 0.9999984502792358], [1.3686243960364664e-07, 4.860434046349837e-07, 0.9999994039535522], [2.785111803405016e-07, 1.0076330454467097e-06, 0.9999986886978149], [6.213060714799212e-07, 3.9520193695352646e-07, 0.999998927116394], [3.436623785546544e-07, 1.6545471908102627e-06, 0.9999979734420776], [2.445316056309821e-07, 2.824835121373326e-07, 0.9999995231628418], [0.9999922513961792, 2.9308801003935514e-06, 4.77623552797013e-06], [3.389619109839259e-07, 6.787126949348021e-07, 0.999998927116394], [6.384969424289011e-07, 1.566633955008001e-06, 0.9999978542327881], [0.9999932050704956, 2.4744590518821497e-06, 4.350010840425966e-06]], "S4": [[4.357213128969306e-06, 1.8646011312739574e-06, 0.9999938011169434], [5.877859052816348e-07, 6.627285529248184e-07, 0.9999988079071045], [4.7100598976612673e-07, 8.388570336137491e-07, 0.9999986886978149], [4.573924456963141e-07, 6.645919370384945e-07, 0.999998927116394], [8.711795089766383e-07, 1.0597486834740266e-06, 0.9999980926513672], [7.180964303188375e-07, 1.3706489880860317e-06, 0.9999978542327881], [5.801036877528531e-07, 6.581044544873293e-07, 0.9999988079071045], [5.660660917783389e-07, 5.394789468482486e-07, 0.999998927116394], [7.504646646339097e-07, 1.0329888482374372e-06, 0.9999982118606567], [4.6074242732174753e-07, 7.535388704127399e-07, 0.9999988079071045], [5.347338287720049e-07, 1.243242422788171e-06, 0.9999982118606567], [1.072525947165559e-06, 9.34591867007839e-07, 0.9999979734420776], [7.851755867704924e-07, 1.88455521765718e-06, 0.9999973773956299], [5.737769583902264e-07, 1.3404454648480169e-06, 0.9999980926513672], [1.3499372926162323e-06, 1.468377377022989e-06, 0.9999971389770508], [1.3253525139589328e-06, 1.0475066574144876e-06, 0.999997615814209], [1.6066164789663162e-06, 2.1847440621058922e-06, 0.9999961853027344], [2.9074629992464907e-07, 7.957743264341843e-07, 0.999998927116394], [7.852510179873207e-07, 1.1371081427569152e-06, 0.9999980926513672], [5.119727575220168e-07, 9.636721642891644e-07, 0.9999985694885254], [5.300864813762018e-07, 1.1270764161963598e-06, 0.9999983310699463], [7.748378152427904e-07, 1.2904687309855944e-06, 0.9999979734420776]]}, "infer_command_tokens": ["I1s2_0_0", "I1s2_1_2", "I1s2_2_2", "I1s2_3_2", "I1s2_4_0", "I1s2_5_0", "I1s2_6_0", "I1s2_7_2", "I1s2_8_2", "I1s2_9_2", "I1s2_10_2", "I1s2_11_2", "I1s2_12_2", "I1s2_13_2", "I1s2_14_2", "I1s2_15_2", "I1s2_16_2", "I1s2_17_2", "I1s2_18_2", "I1s2_19_2", "I1s2_20_2", "I1s2_21_2", "I1s2_22_2", "I1s2_23_2", "I1s2_24_0", "I1s2_25_2", "I1s2_26_2", "I1s2_27_0", "I4_28", "C1_4", "R1_2", "R3_3", "S2s1_17", "S4_0_2", "S4_1_2", "S4_2_2", "S4_3_2", "S4_4_2", "S4_5_2", "S4_6_2", "S4_7_2", "S4_8_2", "S4_9_2", "S4_10_2", "S4_11_2", "S4_12_2", "S4_13_2", "S4_14_2", "S4_15_2", "S4_16_2", "S4_17_2", "S4_18_2", "S4_19_2", "S4_20_2", "S4_21_2", "B1s1_3", "TS1s1_0", "K1_2", "T1s1_1", "P4_12", "ST1_14", "EM1_4", "TM1_2"]}